TreasuryName,DDOCODE,DDONAME,DESIGNATION,OFFICE
Tenughat,BKRADJ001,RASHMIAGRAWAL,JUDGE-IN-CHARGE(ACCOUNTS),CIVILCOURTBERMOATTENUGHAT
Bokaro,BKRDAD041,KULDEEPCHAUDHARY,D.CBOKARO,D.COFFICEBOKARO
Bokaro,BKRRDS005,MDSHAFIKALAM,DIST.PANCHYATRAJOFFICER,DIST.PANCHYATRAJBOKARO
Tenughat,BKRRDS006,SANJITKUMARSINGH,B.D.OBERMO,B.D.OBERMO
Tenughat,BKRUDV001,SRIGOPESHKUMBHAKAR,E.ON.P.PHUSRO,NAGARPARISHADPHUSRO
Bokaro,BKRUDV001,SAURABHKUMARBHUWANIA,ADDITIONALMUN.COMMISSIONER,CHASMUNICIPALCORPORATION
Chatra,CTRDAD003,RAMESHGHOLAP,D.C.CHATRA,COLLECTORATECHATRA
Chatra,CTRELE003,GHOLAPRAMESHGORAKH,D.CCHATRA,DISTELECTIONOFFICECHATRA
Chatra,CTRLDR001,ANILKUMAR,C.OCHATRA,CIRCLEOFFICECHATRA
Chatra,CTRMED004,DRJAGDISHPRASAD,C.S.-CUM-C.M.OCHATRA,SADARHOSPITALCHATRA
Chatra,CTRMED005,DRJAGDISHPRASAD,A.C.M.O.CHATRA,A.C.M.O.OFFICECHATRA
Chatra,CTRORD001,SRIPAWANKUMARMANDAL,D.D.C.CHATRA,DRDACHATRA
Chatra,CTRORD003,HARINATHMAHTO,SADARB.D.OCHATRA,SADARBLOCKCHATRA
Chatra,CTRORD011,SRINIKHILGAURAVKAMANKACHHA,B.D.OSHALIGRAMRAMNARAYANPUR,B.D.OSHALIGRAMRAMNARAYANPUR
Chatra,CTRORD014,AJAYKUMARDAS,B.D.OPRATAPPUR,B.D.O.PRATAPPUR
Chatra,CTROTH001,BINEETAKUMARI,EX.OFFICERMUNICIPALCOUNCIL,MUNICIPALCOUNCILCHATRA
Chatra,CTRSSS001,SURENDERAKUMARDINKER,EXE.OFFICERMUNI.COUNCILCHATR,MUNICIPLITYCHATRA
Chatra,CTRUDV001,SUDHIRKUMARDAS,E.MAG.BACHRANGRPANCHAYAT,BACHRANGRPANCHAYAT
Deoghar,DGRDADA75,VISHALSAGAR,DYCOMMISSIONERDEOGHAR,DYCOMMISSIONEROFFICEDGR
Madhupur,DGRDLFF97,SHIKHAKUMARI,SPL.OFFICERMDPMUNICIPALITY,MADHUPURMUNICIPALITY
Madhupur,DGRLDRA44,AASHISHAGRAWAL,SDOMADHUPURDEOGHAR.,SUBDIVISIONALOFFICEMADHUPUR
Deoghar,DGRORDF03,RANBIRKRSINGH,DIST.PANCHAYATIRAJOFFICER.,PANCHAYATIRAJOFFICEDEOGHAR
Deoghar,DGRSSSE57,YOGENDRAPRASAD,MUNICIPALCOMMISSIONER,DEOGHARMUNICIPALCORPORATION
Dhanbad,DHNDAD023,MADHAVIMISHRA,DY.COMMISSIONERDHANBAD,DY.COMMISSIONERDHANBAD
Dhanbad,DHNELE002,KALIDASMUNDA,DYELECTIONOFFICERDHANBAD,DIST.ELE.OFFICERD.C.OFFICE.DHN
Dhanbad,DHNLDR004,SHASHIKANTSINKER,CIRCLEOFFICERDHANBAD,CIRCLEOFFICEDHANBAD
Dhanbad,DHNLDR008,RAMSUMANPRASAD,CIRCLEOFFICERJHARIA,CIRCLEOFFICEJHARIA
Dhanbad,DHNLDR009,RAVIBHOOSHANPRASAD,CIRCLEOFFICERBAGHMARA,CIRCLEOFFICEBAGHMARA
Dhanbad,DHNOAS001,ANKITARAI,DISTRICTCOMMANDANT,JHAR.HOMEGUARDDHANBAD
Dhanbad,DHNORD002,MUKESHKUMARBAURI,DIST.PANCHAYATIRAJOFFICER,DIST.PANCHAYATRAJOFFICEDHN
Dhanbad,DHNUDV002,RAVIRAJSHARMA,M.DM.A.D.ADHAN,M.D.M.A.D.ADHAN
Dhanbad,DHNUDV007,RAVIRAJSHARMA,MUNCIPALCOMMISSIONER.DMC.DHAN,MUNICIPALCORPORATIONDHANBAD
Dhanbad,DHNUDV016,SANDIPPASWAN,EX.OFF.NAGARPANCHAYATCHIRKU,NAGARPANCHAYAT.CHIRKUNDA
Dumka,DMKDAD105,ANJANEYULUDODDE,DEPUTYCOMMISSIONERDUMKA,DEPUTYCOMMISSIONEROFFICEDUMKA
Dumka,DMKELE001,ANJANEYULUDODDE,DIST.ELECTIONOFFICER,DIST.ELECTIONOFFICEDUMKA
Dumka,DMKELE002,DHIRENDRAKUMAR,DY.ELECTIONOFFICERDUMKA,DY.ELECTIONOFFICEDUMKA
Dumka,DMKUDV001,SHITANSHUXALXO,EXE.OFFICERNAGARPARSHADDMK,MUNICIPALCOUNCILDUMKA
Dumka,DMKUDV006,AZMALHUSSAIN,BASUKINATHNODIFIEDAREA,BASUKINATH
Doranda,DRNELE006,ASHOKKUMARCHAUDHARY,UNDERSECRETARY,STATEELE.COMM.RANCHI
Doranda,DRNFMW001,PRAKRITIJHA,M/OURB.FAMI.WEL.C.JAGARNATHPU,URB.FAMI.WEL.C.JAGARNATHPURHATIA
Doranda,DRNFNB001,AMITKUMARSINGH,COM.HOMEGUARDS&FIRESERVICE,JHARKHANDFIRESERVICE108
Godda,GDDDAD001,GOPIKRISHNA,EX.OFF.NAGARPARISHADGODDA,EX.OFF.NAGARPARISHADGODDA
Godda,GDDDAD002,ALOKWARANKESHRI,DISTPANCHAYATRAJOFFI.GODDA,COLLECTORATEGODDA(PANCHAYYATSECTION)
Godda,GDDDAD020,ZEESHANQAMER,DY.COMMISSIONORGODDA,COLLECTORATEGODDA
Godda,GDDELE001,PANKAJKR.,DYELECTIONOFFICERGODDA,ELECTIONOFFICEGODDA
Godda,GDDUDV001,RAJEEVKUMARMISHRA,E.ONAGARPANCHAYATMAHAGAMA,NAGARPANCHAYATMAHAGAMA
Gumla,GMLBLD001,MAHARANAPRATAPSINGH,E.E.BUILDINGDIVGUMLA,BUILD.CONSTDEPTBUILDDIVGUMLA
Gumla,GMLDAD001,KARNSATYARTHIIAS,DEPUTYCOMMISSIONER,COLLECTORIATEGUMLA
Gumla,GMLORD002,TEJKUMARHASSA,DIST.PANCHAYAT.OFFICER,DISTPANCHAYATOFFICEGUMLA
Gumla,GMLSNR001,DILIPKUMARSINGH,DISTT.SUBREGISTRARGUMLA,DISTT.SUBREG.OFFICEGUMLA
Gumla,GMLUDV001,DILIPKUMAR,ADMINISTRATORNAGARPARGUMLA,NAGARPARISHADGUMLA
Giridih,GRDDAD026,SHRINAMANPRIYESHLAKRA(IAS),DY.COMMISSIONERGIRIDIH,D.C.OFFICEGIRIDIH
Giridih,GRDDAD030,VISHALDEEPKHALKHO,DY.MUNICIPALCOMM.GIRIDIH,NAGARNIGAMGIRIDIH
Giridih,GRDDAD034,MD.ZAHURALAM,DISTPANCHAYATIRAJOFF.GRD,DIST.PANCHAYATOFFICEGIRIDIH
Giridih,GRDDAD058,ISHTEYAQUEAHMAD,DISTDY.ELEC.OFFI.MUNI.GRD,DISTDY.ELEC.OFFI.MUNI.GRD
Giridih,GRDDAD065,BIPINKUMARDUBEY,EXECUTIVEOFFICERBADKISARIYA,NAGARPANCHAYATBADKISARIYA
Giridih,GRDDAD067,MANOJKUMAR,EXECU.OFF.DHANWARNAGARPANC,DHANWARNAGARPANCHAYATOFFICE
Garhwa,GRHLDR003,MATHIASVIJOYTOPPO,A.C.GARHWA,D.C.GARHWA
Garhwa,GRHLDR006,PRABHAKARMIRDHA,S.D.OSRIBANSHIDHARNAGAR,S.D.O.SRIBANSHIDHARNAGAR
Garhwa,GRHORD007,PRAMESHKUSHWAHA,D.P.R.O.GARHWA,D.P.R.O.GARHWA
Garhwa,GRHORD020,ADITIGUPTA,B.D.O.NAGARUNTARI,B.D.O.NAGARUNTARI
Garhwa,GRHORD044,KUMARNARENDRANARAYAN,B.D.O.DANDA,BLOCKOFFICEDANDA
Garhwa,GRHTSM001,DRNEHAARORA,D.C.GARHWA,D.CGARHWA
Garhwa,GRHUDV002,AMRENDRAKUMARCHAUDHARI,EXE.OFF.NAGARPANCHYATNAGAR,NAGARPANCHYATNAGARUNTARI.
Garhwa,GRHWSS003,SUSHILKUMAR,EXE.OFF.NAGARPARISADGARHWA,NAGARPARISADGARHWA
Garhwa,GRHWSS005,SHAILESHKUMAR,EXE.OFF.NAGARPANCHYATMAJHION,NAGARPANCHYATMAJHION
Ramgarh,HZBDAD034,REENAKUJUR,EXMAGI.RAMGARH,SDORAMGARH
Hazaribagh,HZBDAD055,NANCYSAHAY,DY.COMMISSINORHZB,DY.COMMISSINORHZB
Hazaribagh,HZBORD012,RAJATANUPKUMARKACHHAP,DIST.PANCHAYATRAJOFFICERHZB,DIST.PANCHAYATRAJOFFICERHZB
Hazaribagh,HZBORD034,PRERNADIXIT,DDCHZB,DDCHZB
Hazaribagh,HZBSNR002,RAMKUMARMADHESHIYA,DSRHZB,DSRHZB
Hazaribagh,HZBUDV001,SHAILENDRAKUMARLAL,MUN.COMM.H.M.C.HZB,HAZARIBAGMUNICIPALCORPORATION
Jamtara,JMTDAD005,ANANTKUMAR,S.D.O.JAMTARA,S.D.O.OFFICEJAMTARA
Jamtara,JMTDAD014,ASHISHKUMAR.,E.O.NAGARPANCHYATJAMTARA.,NAGARPANCHYAT0FFICE.JAMTARA.
Jamtara,JMTDAD015,RAJIVKUMARMISHRA,E.O.NAGARPARISADMIHIJAM.,NAGARPARISADMIHIJAM.
Jamtara,JMTDAD016,KUMUDSAHAY.,D.C.JAMTARA,D.C.OFFICEJAMTARA
Jamtara,JMTDPR001,PANKAJKUMARRAVI,D.P.R.O.JAMTARA,DIST.PANCHAYATRAJOFFICEJAMTARA
Jamshedpur,JSRDAD014,MANISHKUMAR(I.A.S),D.D.C.EASTSINGHBHUMJSR.,D.D.C.EASTSINGHBHUMJSR.
Jamshedpur,JSRDAD025,PARULSINGH,S.D.O.DHALBHUM.JAMSHEDPUR,DISTRICTADMINISTRATION
Jamshedpur,JSRDAD029,JADHAVVIJAYANARAYANRAO(IAS),D.C.EASTSINGHBHUMJSR.,DISTRICTADMINSTARTAION
Jamshedpur,JSRDAD032,SHRIMATIRINKUKUMARI,DIST.PANCHYATRAJOFFICERJSR.,DIST.PANCHYATRAJOFFICERJSR.
Jamshedpur,JSRDAD036,KRISHNKUMAR,DY.MUNICIPALCOMM.JNACJSR.,DY.MUNICIPALCOMM.JNACJSR.
Ghatshila,JSRDAD050,CHANDANKUMAR,EX.OFFCHAKULIANAGARPUNCHYAT,EX.OFFCHAKULIANAGARPUNCHYAT
Jamshedpur,JSRDAD076,RANJEETLOHARA,ADD.MUNICIPALCOMM.MANGOMC.,ADD.MUNICIPALCOMM.MANGOMC.
Jamshedpur,JSRDAD077,MOTAYBANRA,EXE.OFF.JUGSALAINAGARPARISAD,EXE.OFF.JUGSALAINAGARPARISAD
Koderma,KDMDADA12,MEGHABHARDWAJ,D.C.KODERMA,KODERMA
Koderma,KDMDADA13,AVINASHPURNENDU,DIST.E.D.C.KODERMA,DIST.E.D.C.KODERMA
Koderma,KDMDADA14,RITURAJ,D.D.C.KODERMA,KODERMA
Koderma,KDMDADA24,SANAUSMANI,D.P.R.O.KODERMA,KODERMA
Koderma,KDMPWK001,HARSHVARDHAN,E.OFF.JMT.NGR.PARSHAD,N.P.JHUMRITELAIYA
Koderma,KDMPWK002,SHASHISHEKHARSUMAN,E.OFF.NGR.PANCHAYATKOD.,KODERMA
Koderma,KDMPWK003,RITURAJ,SECZILAPARISHADKDM,SECZILAPARISHADKDM
Khunti,KHNDADK01,LOKESHMISHRA,D.C.KHUNTI,DEPUTYCOMMISSIONERKHUNTI.
Khunti,KHNDPR001,SANJAYKUMAR,D.P.RAJ.OFFICER.KHUNTI,D.P.RAJ.OFFICEKHUNTI
Koderma,KODPWK008,RIYASINGH,EXOFFNGRPANCH.DOMCH.,DOMCHANCH
Lohardaga,LDGDAD001,SRIWAGMAREPRASADKRISHNA,DEPUTYCOMMISSIONER,DCOFFICELOHARDAGA
Lohardaga,LDGDAD017,ANJANADAS,DISTPANCHAYTIRAJOFFICERLOH,DISTTPANCHAYATIRAJOFFICELOHARDAGA
Lohardaga,LDGDAD018,JAYPALSINGH,EXECUTIVEOFFICERLNPLOHARDAG,EXECUTIVEOFFICERLNPLOHARDAG
Lohardaga,LDGDAD030,SHRIWAGHMAREPRASADKRISHNA,DEPUTYCOMMISSIONERLOHARDAGA,DEPUTYCOMMISSIONERLOHARDAGA
Lohardaga,LDGTAA002,DIPTILORYTIRKEY,DISTGPFOFFICERLOHARDAGA,DISTGPFOFFICERLOHARDAGA
Latehar,LTRDAD012,RASHMILAKRA,DPROLATEHAR,LATEHAR
Latehar,LTRDAD025,HIMANSHUMOHAN(IAS),D.CLATEHAR,LATEHAR
Latehar,LTRDAD037,SMTMARYMARKEY,DEEPT.ELE.OFFICER,LATEHAR
Latehar,LTRDAD039,RAJEEVRANJAN,EXECUTIVEOFFICERN.P.LTR,LATEHAR
Latehar,LTRSNR001,BIPINSAHU,DISTT.SUB.REGISTRARLATEHAR,LATEHAR
Pakur,PKRDADA07,MRITYUNJAYKUMARBARANWAL,DEPUTYCOMMISSIONERPAKUR,COLLECTORATEPAKUR
Pakur,PKRORDA05,SANJAYP.M.KUJUR,D.P.R.O.PAKUR,DISTRICTPANCHAYATRAJOFFICEPAKUR
Pakur,PKRPWK001,RAJKAMAL,EXEC.OFFICERNAGARPARISHAD,NAGARPARISHADPAKUR
Palamu,PLMDAD002,VIKRAMANAND,N.D.C.PLM,N.D.C.PLM
Palamu,PLMDAD013,SRISHASHIRANJANIAS,DY.COMM.PALAMU,DY.COMM.PALAMU
Palamu,PLMDAD014,HEERAKUMAR,S.D.O.CHHATTARPUR,S.D.O.CHHATTARPUR
Palamu,PLMDAD022,BINAYKUMARSHRIVASTAV,DIST.PANCHATI.RAJ.OFFICER.PLM,DIST.PANCHATI.RAJ.OFFICE.PALAMU
Palamu,PLMDAD036,MD.JAVEDHUSSAINIAS,MUNICI.COMM.MEDININAGAR.CORP.,MUNICIPAL.CORPPORRATION.MEDININAGAR
Palamu,PLMDAD054,VIPULSANNI,EX.OFF.H.BAD.NAGAR.PANCHAYAT,EX.OFF.H.BAD.NAGAR.PANCHAYAT
Palamu,PLMDAD124,DANISHHUSAIN,ASST.MUNI.COMM.MUNI.COUN.B.PUR,MUNICIPAL.COUNCIL.BISHRAMPUR
Palamu,PLMDAD164,BISHWAJEETMAHTO,EX.OFF.NAGAR.PANCHYAT.CHH.PUR,EX.OFF.NAGAR.PANCHYAT.CHH.PUR
Palamu,PLMDAD165,KUMARARVINDBEDIYA,EX.OFF.H.GANJ.NAGAR.PANCHYAT,EX.OFF.HARIHARGANJ.NAGAR.PANCHYAT
Palamu,PLMELE001,KANURAMNAG,DY.ELECTION.OFF.PALAMU,ELECTIONOFFICEPALAMU
Palamu,PLMTXV001,JITENDRAKUMARYADAV,DISTTRANSPORTOFFPLM,DISTTRANSPORTOFFPLM
ProjectBld,PRJUDV001,RAJKUMAR,DEPUTYSEC.CUMDDOU.D.&H.D,URBANDEVELOPMENTANDHOUSINGDEPT.
ProjectBld,PRJUDV002,SANJAYKUMARSINHA,UNDERSECRETARY,PROJECTBUILDING
ProjectBld,PRJUDV021,SANJAYKUMARSINHA,UNDERSECRETARY,URBANDEVELOPMENT
ProjectBld,PRJUDV032,BINAYMANISH.R.LAKRA,SECRETARYHOUSINGBOARD.RANCHI,HOUSINGBOARDJHARKHANDRANCHI
ProjectBld,PRJUDV034,RAKESHKUMARDUBEY,UNDERSECRETARY,URBANDEV
ProjectBld,PRJUDV066,ABHILASHAKUMARI,ASST.DIR.CUMDDO.DOR.OFMUNCIP,DIRECTORATEOFMUNICIPALADMINIS.
ProjectBld,PRJUDV067,GYANENDRAKUMAR,ADDNLSEC.JUIDCOLTD,JUIDCOLTD
ProjectBld,PRJUDV068,JYOTSANASINGH,DYDIRECTORCUMDDOSUDAJHKD,SUDAJHARKHANDRANCHI
ProjectBld,PRJUDV069,SHASHIRANJAN,DIRECTORJUPMI,PROJECTBHAWANJUPMI
ProjectBld,PRJUDV070,JYOTSANASINGH,DEPUTY-DIRCUMDDOSUDAJHKD.+,SUDAJHARKHANDRANCHI
ProjectBld,PRJUDV071,ARUNKUMARSINGH,PRINCIPALSECRETARY,JUTCOL
Ramgarh,RGHBLD001,MDKHURSHIDANWAR,EXECUTIVEENGINEERBCD,BCDRAMGARH
Ramgarh,RGHDAD046,SIDARATHSHANKARCHOUDHARY,E.D.C.RAMGARH,DY.COMMISSIONERRAMGARH
Ramgarh,RGHDAD052,MADHVIMISHRA,DC.RAMGARH,D.C.OFFICERAMGARH
Ramgarh,RGHDAD056,RAVINDRAKUMARGUPTA,DY.ELECTIONOFFICERRAMGARH,DCOFFICERAMGARH
Ramgarh,RGHORD035,DDCCUMSEC.ZILAPARISAD,DDCCUMSEC.ZILAPARISAD,ZILAPARISADRAMGARH
Ramgarh,RGHSSW048,CHANDANKUMAR,DCRAMGARH,DCOFFICERAMGARH
Ramgarh,RGHUDV002,MANISHKUMAR,EXECUTIVEOFFICERRAMGARH,NAGARPARISHADRAMGARH
RajMahal,RJMDAD012,SMITAKIRAN,EXECUTIVEOFFICERN.P.RAJMAHAL,NAGARPANCHAYATRAJMAHAL
RajMahal,RJMDAD017,NARESHKUMARMUNDA,EXECUTIVEOFFICER,NAGARPANCHYATBARHARWA
Ranchi,RNCELE001,SRIBIVEKKUMARSUMAN,DY.ELECTIONOFFICERRANCHI,DISTRICTELECTION
Ranchi,RNCORD020,RAJESHKUMARSAHU,D.P.R.ORANCHI,PANCHYATOFFICE.RANCHI
Ranchi,RNCOTH001,ANWARHUSSAIN,DEPUTYMUNICIPALCOMMISSIONER,MUNCIPALCORP.RANCHI
Ranchi,RNCOTH010,RAHULKUMARSINHA,D.C.RANCHI,D.C.RANCHI
Ranchi,RNCRDS004,SRIAFTABAHMAD,SECARATRYR.R.D.ARANCHI,R.R.D.A.RANCHI
Ranchi,RNCUDV006,SHUBHAMPODDAR,EXE.OFF.NAGARPANCHAYATBUNDU,NAGARPANCHAYATBUNDU
Khunti,RNCUDVK01,SRISHTIDIPRIYAMINZ,EXECUTIUEOFFICERNAGARPANCHA,N.A.C.KHUNTI
Sahebganj,SBJDAD001,HEMANTSATI,DY.COMMISSIONERSAHIBGANJ,DEPUTYCOMMISSIONERSAHIBGANJ
Sahebganj,SBJDAD020,SOMAKHANDAIT,EX.OFFICERSBGNAGARPARSADSB,NAGARPARSADOFFICESBG
Sahebganj,SBJDAD024,ANILKUMAR,DISTPANCHAYTIRAJOFFICERSBG,DIST.PANCHYATIRAJSAHIBGANJ
Sahebganj,SBJLDR003,CHHUTESHWARKUMARDAS,DIST.LANDACQ.OFFR.SBG,DIST.LANDACQUISITIONOFFICESAHIBGANJ
Sahebganj,SBJUDV001,SUNNYKUMARDAS,EX.OFF.NAGARPANCHAYATBARHARW,NAGARPANCHAYATBARHARWA
Simdega,SDGDAD014,AJAYKUMARSINGH,DY.COMMISSIONERSIMDEGA,DY.COMMISSIONEROFFICESIMDEGA
Simdega,SDGDAD017,SUMITKUMARMAHATO,EXEC.OFFICERN.P.SIMDEGA,NAGARPARISHADSIMDEGA
Simdega,SDGELE001,PAWANKUMARMAHTO,DY.ELECTIONOFFICERSIMDEGA,SIMDEGA
Chaibasa,SGHDAD014,PRATIBHARANI,EX.OFFICERMUNICIPALITY,EX.OFFICERCBSAMUNICIPALITY
Chaibasa,SGHDAD036,BANDHANLANG,DY.ELEC.OFFICERCHAIBASA,DIST.ELECTIONOFFICECHAIBASA
Chakradharpur,SGHDAD038,REENAHANSDAK,S.D.O.PORAHATCKP.,S.D.O.OFFICEPORAHATCKP
Chakradharpur,SGHDAD051,RAHULYADAV,ADMINISTRATORNAGARPARISHAD,NAGARPARSHADCHAKRADHARPUR
Chaibasa,SGHDAD076,ANANYAMITTAL(I.A.S.),D.C.WESTSINGHBHUMCHAIBASA,D.C.OFFICEWESTSINGHBHUMCHAIBASA
Chaibasa,SGHMED107,SAIFULLAHANSARI,I/CEX.ENGG.BUILDINGDIV.CBSA,KOLHANDIV.DEP.H.M.E&F.W.CBSA
Seraikela,SKLDAD001,SUNILKUMARPRAJAPATI,S.D.O.SERAIKELLA,S.D.O.OFFICE.SERAIKELLA
Seraikela,SKLDAD002,PRAVINKUMARSINGH,CIRCLEOFFICERSERAIKELLA,CIRCLEOFFICERSERAIKELLA
Seraikela,SKLDAD013,ANILTUDU,DY.COLLECTORNAZARATSKL,SARAIKELA
Seraikela,SKLDAD014,PRABHATKUMARBARDIYAR,DDCSERAIKELLA,DDCSERAIKELLA
Seraikela,SKLDAD020,TALESHWARRAVIDAS,BDOCHANDIL,BDOCHANDIL
Seraikela,SKLDAD042,RAVISHANKARSHUKLA,DEPUTYCOMMISSIONER,DEPUTYCOMMISSIONERSERAIKELLA
Seraikela,SKLTAA002,APARNASINGH,D.P.F.O.SERAIKELLA-KHARSAWAN,DIST.G.P.F.OFFICESERAIKELLA-KHARSAWAN
Seraikela,SKLUDV001,DEEPAKKUMAR,EXOFFINAGARPANCHYASERAIKEL,EXCITIVEOFFICERNAGARPANCHYASERAIKELLA
Seraikela,SKLUDV003,ALOKKUMAR,MUNICIPLECOMMISSIONERADP,MUNICIPLECORPORATIONADITYAPUR
Seraikela,SKLUDV007,BHOWANANDAMANDAL,EX.OFF.MUNI.COUN.ADITYAPUR,ADITYAPUR
Seraikela,SKLUDV009,TARNISHKUMARHANS,SPECIALOFFICERM.C.KAPALI,SPECIALOFFICERMUNICIPALCOUNCILKAPALI
Tenughat,TENUDV003,OMPRAKASHMANDAL,CIRCLEOFFICER-CUM-EXE.OFFICER,NAGARPARISHADGOMIA
Bokaro,BKRUDV001,SAURABHKUMARBHUWANIA,ADDITIONALMUN.COMMISSIONER,CHASMUNICIPALCORPORATION
Chatra,CTROTH001,BINEETAKUMARI,EX.OFFICERMUNICIPALCOUNCIL,MUNICIPALCOUNCILCHATRA
Deoghar,DGRSSSE57,YOGENDRAPRASAD,MUNICIPALCOMMISSIONER,DEOGHARMUNICIPALCORPORATION
Dhanbad,DHNUDV007,RAVIRAJSHARMA,MUNCIPALCOMMISSIONER.DMC.DHAN,MUNICIPALCORPORATIONDHANBAD
Dhanbad,DHNUDV016,SANDIPPASWAN,EX.OFF.NAGARPANCHAYATCHIRKU,NAGARPANCHAYAT.CHIRKUNDA
Gumla,GMLUDV001,DILIPKUMAR,ADMINISTRATORNAGARPARGUMLA,NAGARPARISHADGUMLA
Hazaribagh,HZBUDV001,SHAILENDRAKUMARLAL,MUN.COMM.H.M.C.HZB,HAZARIBAGMUNICIPALCORPORATION
Jamtara,JMTDAD014,ASHISHKUMAR.,E.O.NAGARPANCHYATJAMTARA.,NAGARPANCHYAT0FFICE.JAMTARA.
Jamshedpur,JSRDAD036,KRISHNKUMAR,DY.MUNICIPALCOMM.JNACJSR.,DY.MUNICIPALCOMM.JNACJSR.
Latehar,LTRDAD039,RAJEEVRANJAN,EXECUTIVEOFFICERN.P.LTR,LATEHAR
Pakur,PKRPWK001,RAJKAMAL,EXEC.OFFICERNAGARPARISHAD,NAGARPARISHADPAKUR
ProjectBld,PRJUDV001,RAJKUMAR,DEPUTYSEC.CUMDDOU.D.&H.D,URBANDEVELOPMENTANDHOUSINGDEPT.
ProjectBld,PRJUDV066,ABHILASHAKUMARI,ASST.DIR.CUMDDO.DOR.OFMUNCIP,DIRECTORATEOFMUNICIPALADMINIS.
ProjectBld,PRJUDV068,JYOTSANASINGH,DYDIRECTORCUMDDOSUDAJHKD,SUDAJHARKHANDRANCHI
Ramgarh,RGHUDV002,MANISHKUMAR,EXECUTIVEOFFICERRAMGARH,NAGARPARISHADRAMGARH
RajMahal,RJMDAD012,SMITAKIRAN,EXECUTIVEOFFICERN.P.RAJMAHAL,NAGARPANCHAYATRAJMAHAL
Ranchi,RNCOTH001,ANWARHUSSAIN,DEPUTYMUNICIPALCOMMISSIONER,MUNCIPALCORP.RANCHI
Ranchi,RNCRDS004,SRIAFTABAHMAD,SECARATRYR.R.D.ARANCHI,R.R.D.A.RANCHI
Ranchi,RNCUDV006,SHUBHAMPODDAR,EXE.OFF.NAGARPANCHAYATBUNDU,NAGARPANCHAYATBUNDU
Simdega,SDGDAD017,SUMITKUMARMAHATO,EXEC.OFFICERN.P.SIMDEGA,NAGARPARISHADSIMDEGA
Chakradharpur,SGHDAD051,RAHULYADAV,ADMINISTRATORNAGARPARISHAD,NAGARPARSHADCHAKRADHARPUR
Seraikela,SKLUDV003,ALOKKUMAR,MUNICIPLECOMMISSIONERADP,MUNICIPLECORPORATIONADITYAPUR
Seraikela,SKLUDV009,TARNISHKUMARHANS,SPECIALOFFICERM.C.KAPALI,SPECIALOFFICERMUNICIPALCOUNCILKAPALI
Bokaro,BKRDAD041,KULDEEPCHAUDHARY,D.CBOKARO,D.COFFICEBOKARO
Bokaro,BKRRDS005,MDSHAFIKALAM,DIST.PANCHYATRAJOFFICER,DIST.PANCHYATRAJBOKARO
Bokaro,BKRUDV001,SAURABHKUMARBHUWANIA,ADDITIONALMUN.COMMISSIONER,CHASMUNICIPALCORPORATION
Tenughat,BKRUDV001,SRIGOPESHKUMBHAKAR,E.ON.P.PHUSRO,NAGARPARISHADPHUSRO
Chatra,CTRELE003,GHOLAPRAMESHGORAKH,D.CCHATRA,DISTELECTIONOFFICECHATRA
Chatra,CTROTH001,BINEETAKUMARI,EX.OFFICERMUNICIPALCOUNCIL,MUNICIPALCOUNCILCHATRA
Deoghar,DGRDADA75,VISHALSAGAR,DYCOMMISSIONERDEOGHAR,DYCOMMISSIONEROFFICEDGR
Madhupur,DGRDLFF97,SHIKHAKUMARI,SPL.OFFICERMDPMUNICIPALITY,MADHUPURMUNICIPALITY
Deoghar,DGRORDF03,RANBIRKRSINGH,DIST.PANCHAYATIRAJOFFICER.,PANCHAYATIRAJOFFICEDEOGHAR
Deoghar,DGRSSSE57,YOGENDRAPRASAD,MUNICIPALCOMMISSIONER,DEOGHARMUNICIPALCORPORATION
Dhanbad,DHNDAD023,MADHAVIMISHRA,DY.COMMISSIONERDHANBAD,DY.COMMISSIONERDHANBAD
Dhanbad,DHNORD002,MUKESHKUMARBAURI,DIST.PANCHAYATIRAJOFFICER,DIST.PANCHAYATRAJOFFICEDHN
Dhanbad,DHNUDV002,RAVIRAJSHARMA,M.DM.A.D.ADHAN,M.D.M.A.D.ADHAN
Dhanbad,DHNUDV007,RAVIRAJSHARMA,MUNCIPALCOMMISSIONER.DMC.DHAN,MUNICIPALCORPORATIONDHANBAD
Dhanbad,DHNUDV016,SANDIPPASWAN,EX.OFF.NAGARPANCHAYATCHIRKU,NAGARPANCHAYAT.CHIRKUNDA
Dumka,DMKDAD105,ANJANEYULUDODDE,DEPUTYCOMMISSIONERDUMKA,DEPUTYCOMMISSIONEROFFICEDUMKA
Dumka,DMKELE002,DHIRENDRAKUMAR,DY.ELECTIONOFFICERDUMKA,DY.ELECTIONOFFICEDUMKA
Dumka,DMKUDV001,SHITANSHUXALXO,EXE.OFFICERNAGARPARSHADDMK,MUNICIPALCOUNCILDUMKA
Dumka,DMKUDV006,AZMALHUSSAIN,BASUKINATHNODIFIEDAREA,BASUKINATH
Doranda,DRNELE006,ASHOKKUMARCHAUDHARY,UNDERSECRETARY,STATEELE.COMM.RANCHI
Godda,GDDDAD001,GOPIKRISHNA,EX.OFF.NAGARPARISHADGODDA,EX.OFF.NAGARPARISHADGODDA
Godda,GDDUDV001,RAJEEVKUMARMISHRA,E.ONAGARPANCHAYATMAHAGAMA,NAGARPANCHAYATMAHAGAMA
Gumla,GMLDAD001,KARNSATYARTHIIAS,DEPUTYCOMMISSIONER,COLLECTORIATEGUMLA
Gumla,GMLORD002,TEJKUMARHASSA,DIST.PANCHAYAT.OFFICER,DISTPANCHAYATOFFICEGUMLA
Gumla,GMLUDV001,DILIPKUMAR,ADMINISTRATORNAGARPARGUMLA,NAGARPARISHADGUMLA
Giridih,GRDDAD026,SHRINAMANPRIYESHLAKRA(IAS),DY.COMMISSIONERGIRIDIH,D.C.OFFICEGIRIDIH
Giridih,GRDDAD030,VISHALDEEPKHALKHO,DY.MUNICIPALCOMM.GIRIDIH,NAGARNIGAMGIRIDIH
Giridih,GRDDAD034,MD.ZAHURALAM,DISTPANCHAYATIRAJOFF.GRD,DIST.PANCHAYATOFFICEGIRIDIH
Giridih,GRDDAD065,BIPINKUMARDUBEY,EXECUTIVEOFFICERBADKISARIYA,NAGARPANCHAYATBADKISARIYA
Giridih,GRDDAD067,MANOJKUMAR,EXECU.OFF.DHANWARNAGARPANC,DHANWARNAGARPANCHAYATOFFICE
Garhwa,GRHORD007,PRAMESHKUSHWAHA,D.P.R.O.GARHWA,D.P.R.O.GARHWA
Garhwa,GRHTSM001,DRNEHAARORA,D.C.GARHWA,D.CGARHWA
Garhwa,GRHUDV002,AMRENDRAKUMARCHAUDHARI,EXE.OFF.NAGARPANCHYATNAGAR,NAGARPANCHYATNAGARUNTARI.
Garhwa,GRHWSS003,SUSHILKUMAR,EXE.OFF.NAGARPARISADGARHWA,NAGARPARISADGARHWA
Garhwa,GRHWSS005,SHAILESHKUMAR,EXE.OFF.NAGARPANCHYATMAJHION,NAGARPANCHYATMAJHION
Hazaribagh,HZBUDV001,SHAILENDRAKUMARLAL,MUN.COMM.H.M.C.HZB,HAZARIBAGMUNICIPALCORPORATION
Jamtara,JMTDAD005,ANANTKUMAR,S.D.O.JAMTARA,S.D.O.OFFICEJAMTARA
Jamtara,JMTDAD014,ASHISHKUMAR.,E.O.NAGARPANCHYATJAMTARA.,NAGARPANCHYAT0FFICE.JAMTARA.
Jamtara,JMTDAD015,RAJIVKUMARMISHRA,E.O.NAGARPARISADMIHIJAM.,NAGARPARISADMIHIJAM.
Jamtara,JMTDAD016,KUMUDSAHAY.,D.C.JAMTARA,D.C.OFFICEJAMTARA
Jamshedpur,JSRDAD029,JADHAVVIJAYANARAYANRAO(IAS),D.C.EASTSINGHBHUMJSR.,DISTRICTADMINSTARTAION
Jamshedpur,JSRDAD036,KRISHNKUMAR,DY.MUNICIPALCOMM.JNACJSR.,DY.MUNICIPALCOMM.JNACJSR.
Ghatshila,JSRDAD050,CHANDANKUMAR,EX.OFFCHAKULIANAGARPUNCHYAT,EX.OFFCHAKULIANAGARPUNCHYAT
Jamshedpur,JSRDAD076,RANJEETLOHARA,ADD.MUNICIPALCOMM.MANGOMC.,ADD.MUNICIPALCOMM.MANGOMC.
Jamshedpur,JSRDAD077,MOTAYBANRA,EXE.OFF.JUGSALAINAGARPARISAD,EXE.OFF.JUGSALAINAGARPARISAD
Koderma,KDMDADA12,MEGHABHARDWAJ,D.C.KODERMA,KODERMA
Koderma,KDMDADA24,SANAUSMANI,D.P.R.O.KODERMA,KODERMA
Koderma,KDMPWK001,HARSHVARDHAN,E.OFF.JMT.NGR.PARSHAD,N.P.JHUMRITELAIYA
Koderma,KDMPWK002,SHASHISHEKHARSUMAN,E.OFF.NGR.PANCHAYATKOD.,KODERMA
Khunti,KHNDADK01,KHNDADK01,LOKESHMISHRA,D.C.KHUNTI
Koderma,KODPWK008,RIYASINGH,EXOFFNGRPANCH.DOMCH.,DOMCHANCH
Lohardaga,LDGDAD001,SRIWAGMAREPRASADKRISHNA,DEPUTYCOMMISSIONER,DCOFFICELOHARDAGA
Lohardaga,LDGDAD018,JAYPALSINGH,EXECUTIVEOFFICERLNPLOHARDAG,EXECUTIVEOFFICERLNPLOHARDAG
Latehar,LTRDAD025,HIMANSHUMOHAN(IAS),D.CLATEHAR,LATEHAR
Latehar,LTRDAD037,SMTMARYMARKEY,DEEPT.ELE.OFFICER,LATEHAR
Latehar,LTRDAD039,RAJEEVRANJAN,EXECUTIVEOFFICERN.P.LTR,LATEHAR
Pakur,PKRDADA07,MRITYUNJAYKUMARBARANWAL,DEPUTYCOMMISSIONERPAKUR,COLLECTORATEPAKUR
Pakur,PKRPWK001,RAJKAMAL,EXEC.OFFICERNAGARPARISHAD,NAGARPARISHADPAKUR
Palamu,PLMDAD013,SRISHASHIRANJANIAS,DY.COMM.PALAMU,DY.COMM.PALAMU
Palamu,PLMDAD022,BINAYKUMARSHRIVASTAV,DIST.PANCHATI.RAJ.OFFICER.PLM,DIST.PANCHATI.RAJ.OFFICE.PALAMU
Palamu,PLMDAD036,MD.JAVEDHUSSAINIAS,MUNICI.COMM.MEDININAGAR.CORP.,MUNICIPAL.CORPPORRATION.MEDININAGAR
Palamu,PLMDAD054,VIPULSANNI,EX.OFF.H.BAD.NAGAR.PANCHAYAT,EX.OFF.H.BAD.NAGAR.PANCHAYAT
Palamu,PLMDAD124,DANISHHUSAIN,ASST.MUNI.COMM.MUNI.COUN.B.PUR,MUNICIPAL.COUNCIL.BISHRAMPUR
Palamu,PLMDAD164,BISHWAJEETMAHTO,EX.OFF.NAGAR.PANCHYAT.CHH.PUR,EX.OFF.NAGAR.PANCHYAT.CHH.PUR
Palamu,PLMDAD165,KUMARARVINDBEDIYA,EX.OFF.H.GANJ.NAGAR.PANCHYAT,EX.OFF.HARIHARGANJ.NAGAR.PANCHYAT
Palamu,PLMELE001,KANURAMNAG,DY.ELECTION.OFF.PALAMU,ELECTIONOFFICEPALAMU
Palamu,PLMTXV001,JITENDRAKUMARYADAV,DISTTRANSPORTOFFPLM,DISTTRANSPORTOFFPLM
ProjectBld,PRJUDV001,RAJKUMAR,DEPUTYSEC.CUMDDOU.D.&H.D,URBANDEVELOPMENTANDHOUSINGDEPT.
ProjectBld,PRJUDV066,ABHILASHAKUMARI,ASST.DIR.CUMDDO.DOR.OFMUNCIP,DIRECTORATEOFMUNICIPALADMINIS.
ProjectBld,PRJUDV068,JYOTSANASINGH,DYDIRECTORCUMDDOSUDAJHKD,SUDAJHARKHANDRANCHI
ProjectBld,PRJUDV070,JYOTSANASINGH,DEPUTY-DIRCUMDDOSUDAJHKD.+,SUDAJHARKHANDRANCHI
Ramgarh,RGHDAD056,RAVINDRAKUMARGUPTA,DY.ELECTIONOFFICERRAMGARH,DCOFFICERAMGARH
Ramgarh,RGHSSW048,CHANDANKUMAR,DCRAMGARH,DCOFFICERAMGARH
Ramgarh,RGHUDV002,MANISHKUMAR,EXECUTIVEOFFICERRAMGARH,NAGARPARISHADRAMGARH
RajMahal,RJMDAD012,SMITAKIRAN,EXECUTIVEOFFICERN.P.RAJMAHAL,NAGARPANCHAYATRAJMAHAL
Ranchi,RNCORD020,RAJESHKUMARSAHU,D.P.R.ORANCHI,PANCHYATOFFICE.RANCHI
Ranchi,RNCOTH001,ANWARHUSSAIN,DEPUTYMUNICIPALCOMMISSIONER,MUNCIPALCORP.RANCHI
Ranchi,RNCOTH010,RAHULKUMARSINHA,D.C.RANCHI,D.C.RANCHI
Ranchi,RNCRDS004,SRIAFTABAHMAD,SECARATRYR.R.D.ARANCHI,R.R.D.A.RANCHI
Ranchi,RNCUDV006,SHUBHAMPODDAR,EXE.OFF.NAGARPANCHAYATBUNDU,NAGARPANCHAYATBUNDU
Khunti,RNCUDVK01,SRISHTIDIPRIYAMINZ,EXECUTIUEOFFICERNAGARPANCHA,N.A.C.KHUNTI
Sahebganj,SBJDAD001,HEMANTSATI,DY.COMMISSIONERSAHIBGANJ,DEPUTYCOMMISSIONERSAHIBGANJ
Sahebganj,SBJDAD020,SOMAKHANDAIT,EX.OFFICERSBGNAGARPARSADSB,NAGARPARSADOFFICESBG
Sahebganj,SBJDAD024,ANILKUMAR,DISTPANCHAYTIRAJOFFICERSBG,DIST.PANCHYATIRAJSAHIBGANJ
Sahebganj,SBJUDV001,SUNNYKUMARDAS,EX.OFF.NAGARPANCHAYATBARHARW,NAGARPANCHAYATBARHARWA
Simdega,SDGDAD014,AJAYKUMARSINGH,DY.COMMISSIONERSIMDEGA,DY.COMMISSIONEROFFICESIMDEGA
Simdega,SDGDAD017,SUMITKUMARMAHATO,EXEC.OFFICERN.P.SIMDEGA,NAGARPARISHADSIMDEGA
Simdega,SDGELE001,PAWANKUMARMAHTO,DY.ELECTIONOFFICERSIMDEGA,SIMDEGA
Chaibasa,SGHDAD014,PRATIBHARANI,EX.OFFICERMUNICIPALITY,EX.OFFICERCBSAMUNICIPALITY
Chakradharpur,SGHDAD051,RAHULYADAV,ADMINISTRATORNAGARPARISHAD,NAGARPARSHADCHAKRADHARPUR
Seraikela,SKLDAD042,RAVISHANKARSHUKLA,DEPUTYCOMMISSIONER,DEPUTYCOMMISSIONERSERAIKELLA
Seraikela,SKLUDV001,DEEPAKKUMAR,EXOFFINAGARPANCHYASERAIKEL,EXCITIVEOFFICERNAGARPANCHYASERAIKELLA
Seraikela,SKLUDV003,ALOKKUMAR,MUNICIPLECOMMISSIONERADP,MUNICIPLECORPORATIONADITYAPUR
Seraikela,SKLUDV009,TARNISHKUMARHANS,SPECIALOFFICERM.C.KAPALI,SPECIALOFFICERMUNICIPALCOUNCILKAPALI
